{"Memory":0.9969684452622655,"Sig1":{"Bias":374.87000006251037,"Inputs":[],"IsFirst":true,"IsOutput":false,"Name":"","Type":0,"Weights":[-36.1400000769645]},"Sig2":{"Bias":356.43000010214746,"Inputs":[],"IsFirst":true,"IsOutput":false,"Name":"","Type":0,"Weights":[348.21000123396516]},"Sig3":{"Bias":300.5200000591576,"Inputs":[],"IsFirst":true,"IsOutput":false,"Name":"","Type":0,"Weights":[377.05000190623105]},"Tanh1":{"Bias":349.4699999913573,"Inputs":[],"IsFirst":true,"IsOutput":false,"Name":"","Type":1,"Weights":[-0.21000086143612862]},"Tanh2":{"Bias":-12.560000039637089,"Inputs":[],"IsFirst":true,"IsOutput":false,"Name":"","Type":1,"Weights":[12.609999194741249]}}