{"Memory":0.9979231030941571,"Sig1":{"Bias":43.94000000320375,"Inputs":[],"IsFirst":true,"IsOutput":false,"Name":"","Type":0,"Weights":[-15.549999464303255]},"Sig2":{"Bias":108.75999995879829,"Inputs":[],"IsFirst":true,"IsOutput":false,"Name":"","Type":0,"Weights":[87.82000005990267]},"Sig3":{"Bias":62.22999997064471,"Inputs":[],"IsFirst":true,"IsOutput":false,"Name":"","Type":0,"Weights":[89.07000008225441]},"Tanh1":{"Bias":136.28999996371567,"Inputs":[],"IsFirst":true,"IsOutput":false,"Name":"","Type":1,"Weights":[2.399999111890793]},"Tanh2":{"Bias":-12.560000039637089,"Inputs":[],"IsFirst":true,"IsOutput":false,"Name":"","Type":1,"Weights":[12.609999194741249]}}