{"Memory":0.9982279594852606,"Sig1":{"Bias":-10.319999990984797,"Inputs":[],"IsFirst":true,"IsOutput":false,"Name":"","Type":0,"Weights":[-0.4600001163780689]},"Sig2":{"Bias":55.53999996744096,"Inputs":[],"IsFirst":true,"IsOutput":false,"Name":"","Type":0,"Weights":[50.18000031262636]},"Sig3":{"Bias":23.66999996267259,"Inputs":[],"IsFirst":true,"IsOutput":false,"Name":"","Type":0,"Weights":[55.0199992954731]},"Tanh1":{"Bias":75.69999997876585,"Inputs":[],"IsFirst":true,"IsOutput":false,"Name":"","Type":1,"Weights":[3.349999114871025]},"Tanh2":{"Bias":-12.560000039637089,"Inputs":[],"IsFirst":true,"IsOutput":false,"Name":"","Type":1,"Weights":[12.609999194741249]}}